<?xml version="1.0" encoding="UTF-8"?>
<project-private xmlns="http://www.netbeans.org/ns/project-private/1">
    <editor-bookmarks xmlns="http://www.netbeans.org/ns/editor-bookmarks/2" lastBookmarkId="0"/>
    <open-files xmlns="http://www.netbeans.org/ns/projectui-open-files/2">
        <group>
            <file>file:/C:/Users/ingri/Documents/NetBeansProjects/guia07-poo-ej12/guia07-poo-ej12/src/servicio/personaServicio.java</file>
            <file>file:/C:/Users/ingri/Documents/NetBeansProjects/guia07-poo-ej12/guia07-poo-ej12/src/main/personaMain.java</file>
            <file>file:/C:/Users/ingri/Documents/NetBeansProjects/guia07-poo-ej12/guia07-poo-ej12/src/entidad/persona.java</file>
        </group>
    </open-files>
</project-private>
